{
    "run0": {
        "time": 333.5549340248108,
        "fitness": [
            -5.114728949869385,
            -5.311053112545321,
            -5.311053112545321,
            -5.311053112545321,
            -5.311053112545321,
            -5.991363561692529,
            -5.991363561692529,
            -5.991363561692529,
            -5.991363561692529,
            -5.991363561692529,
            -7.542546164561218,
            -7.542546164561218,
            -7.542546164561218,
            -7.542546164561218,
            -7.542546164561218,
            -7.542546164561218,
            -7.542546164561218,
            -7.542546164561218,
            -7.542546164561218,
            -7.542546164561218,
            -7.542546164561218,
            -7.542546164561218,
            -7.963783134813975,
            -7.963783134813975,
            -7.963783134813975,
            -7.963783134813975,
            -8.541942122392397,
            -8.541942122392397,
            -8.541942122392397,
            -8.851773633744193,
            -8.851773633744193,
            -8.851773633744193,
            -8.851773633744193,
            -8.851773633744193,
            -8.851773633744193,
            -9.449666719974282,
            -9.449666719974282,
            -10.711181706726032,
            -10.711181706726032,
            -10.711181706726032,
            -10.711181706726032,
            -10.711181706726032,
            -10.711181706726032,
            -10.711181706726032,
            -10.711181706726032,
            -10.711181706726032,
            -10.711181706726032,
            -10.711181706726032,
            -10.711181706726032,
            -10.711181706726032,
            -10.711181706726032,
            -10.711181706726032,
            -10.711181706726032,
            -10.711181706726032,
            -10.711181706726032,
            -10.711181706726032,
            -10.711181706726032,
            -10.711181706726032,
            -10.711181706726032,
            -10.711181706726032,
            -10.711181706726032,
            -10.711181706726032,
            -10.711181706726032,
            -11.437536591179386,
            -11.437536591179386,
            -11.437536591179386,
            -11.437536591179386,
            -11.437536591179386,
            -11.437536591179386,
            -11.437536591179386,
            -11.437536591179386,
            -11.437536591179386,
            -11.437536591179386,
            -11.437536591179386,
            -11.437536591179386,
            -11.437536591179386,
            -11.437536591179386,
            -11.437536591179386,
            -11.668981670920065,
            -11.668981670920065,
            -11.668981670920065,
            -11.668981670920065,
            -11.668981670920065,
            -11.668981670920065,
            -11.668981670920065,
            -11.698426766471764,
            -11.698426766471764,
            -11.698426766471764,
            -11.698426766471764,
            -11.810765303267218,
            -12.079655460817456,
            -12.079655460817456,
            -12.079655460817456,
            -12.432864070427193,
            -12.432864070427193,
            -12.432864070427193,
            -12.432864070427193,
            -12.520255693016995,
            -12.520255693016995,
            -12.520255693016995
        ],
        "hv": [
            0.0,
            0.0,
            0.0,
            0.0,
            0.0,
            0.0,
            0.0,
            0.0,
            0.0,
            0.0,
            0.0,
            0.0,
            0.0,
            0.0,
            0.0,
            0.0,
            0.0,
            0.0,
            0.0,
            0.0,
            0.0,
            0.0,
            0.0,
            0.0,
            0.0,
            0.0,
            0.0,
            0.0,
            0.0,
            0.0,
            0.0,
            0.0,
            0.0,
            0.0,
            0.0,
            54.133008659357145,
            54.133008659357145,
            54.133008659357145,
            54.133008659357145,
            54.133008659357145,
            54.133008659357145,
            54.133008659357145,
            54.133008659357145,
            54.133008659357145,
            54.133008659357145,
            54.76211546628555,
            54.76211546628555,
            54.76211546628555,
            54.76211546628555,
            54.76211546628555,
            54.76211546628555,
            54.76211546628555,
            54.76211546628555,
            54.76211546628555,
            54.76211546628555,
            54.76211546628555,
            54.76211546628555,
            54.76211546628555,
            54.76211546628555,
            62.85706594192443,
            70.47663625290296,
            70.47663625290296,
            70.47663625290296,
            70.47663625290296,
            70.47663625290296,
            70.47663625290296,
            71.16843970220911,
            71.16843970220911,
            71.3994076622531,
            71.3994076622531,
            71.3994076622531,
            71.3994076622531,
            71.3994076622531,
            79.41350840059513,
            79.41350840059513,
            79.41350840059513,
            79.41350840059513,
            79.41350840059513,
            79.41350840059513,
            79.41350840059513,
            79.41350840059513,
            79.41350840059513,
            79.41350840059513,
            79.41350840059513,
            79.41350840059513,
            80.83179303199165,
            81.2486983354419,
            81.2486983354419,
            81.2486983354419,
            81.2486983354419,
            81.82054137696043,
            81.82054137696043,
            81.82054137696043,
            81.82054137696043,
            81.82054137696043,
            82.62096492532231,
            82.62096492532231,
            82.62096492532231,
            82.62096492532231,
            82.62096492532231
        ],
        "novelty_20": -4.868421052631579,
        "novelty_10": -5.488888888888889,
        "novelty": -6.388888888888889
    },
    "run1": {
        "time": 272.9587104320526,