{
    "run0": {
        "time": 350.7127990722656,
        "fitness": [
            -4.232506518044012,
            -4.9121897130767405,
            -5.356108488534219,
            -5.356108488534219,
            -5.356108488534219,
            -5.356108488534219,
            -6.948306818222999,
            -6.948306818222999,
            -6.948306818222999,
            -6.948306818222999,
            -6.948306818222999,
            -6.948306818222999,
            -6.948306818222999,
            -6.948306818222999,
            -6.948306818222999,
            -6.948306818222999,
            -6.948306818222999,
            -6.977822540968205,
            -6.977822540968205,
            -6.977822540968205,
            -7.002752046103828,
            -8.464058464943363,
            -8.464058464943363,
            -8.464058464943363,
            -8.464058464943363,
            -8.464058464943363,
            -8.464058464943363,
            -8.464058464943363,
            -8.464058464943363,
            -11.689592706947947,
            -11.689592706947947,
            -11.689592706947947,
            -11.689592706947947,
            -11.689592706947947,
            -11.689592706947947,
            -11.689592706947947,
            -11.689592706947947,
            -11.689592706947947,
            -11.689592706947947,
            -11.689592706947947,
            -11.689592706947947,
            -11.689592706947947,
            -11.689592706947947,
            -11.689592706947947,
            -11.689592706947947,
            -11.689592706947947,
            -11.689592706947947,
            -11.689592706947947,
            -11.689592706947947,
            -11.689592706947947,
            -11.689592706947947,
            -11.689592706947947,
            -11.689592706947947,
            -11.689592706947947,
            -11.689592706947947,
            -11.689592706947947,
            -11.689592706947947,
            -11.689592706947947,
            -11.689592706947947,
            -11.689592706947947,
            -11.689592706947947,
            -11.689592706947947,
            -11.689592706947947,
            -11.689592706947947,
            -11.689592706947947,
            -11.689592706947947,
            -11.689592706947947,
            -11.689592706947947,
            -11.689592706947947,
            -11.689592706947947,
            -11.689592706947947,
            -11.689592706947947,
            -11.689592706947947,
            -11.689592706947947,
            -11.689592706947947,
            -11.689592706947947,
            -11.689592706947947,
            -11.689592706947947,
            -11.689592706947947,
            -11.689592706947947,
            -13.568762119566458,
            -13.568762119566458,
            -13.568762119566458,
            -13.568762119566458,
            -13.568762119566458,
            -13.568762119566458,
            -13.568762119566458,
            -13.568762119566458,
            -13.568762119566458,
            -15.138048183602306,
            -15.138048183602306,
            -15.138048183602306,
            -15.138048183602306,
            -15.138048183602306,
            -15.138048183602306,
            -15.138048183602306,
            -15.138048183602306,
            -15.138048183602306,
            -15.138048183602306,
            -15.138048183602306
        ],
        "hv": [
            0.0,
            0.0,
            0.0,
            0.0,
            0.0,
            0.0,
            13.896613636445998,
            13.896613636445998,
            13.896613636445998,
            13.896613636445998,
            13.896613636445998,
            13.896613636445998,
            13.896613636445998,
            13.896613636445998,
            13.896613636445998,
            13.896613636445998,
            13.896613636445998,
            0.0,
            0.0,
            0.0,
            0.0,
            0.0,
            0.0,
            0.0,
            0.0,
            0.0,
            0.0,
            0.0,
            0.0,
            0.0,
            0.0,
            0.0,
            0.0,
            0.0,
            0.0,
            0.0,
            0.0,
            0.0,
            0.0,
            0.0,
            0.0,
            0.0,
            79.76950101442263,
            79.76950101442263,
            79.76950101442263,
            79.76950101442263,
            79.76950101442263,
            79.76950101442263,
            79.76950101442263,
            79.76950101442263,
            79.76950101442263,
            79.79824840082642,
            79.79824840082642,
            79.79824840082642,
            79.79824840082642,
            79.8565227976764,
            80.09151924179059,
            81.69275400435914,
            81.69275400435914,
            81.69275400435914,
            81.69275400435914,
            81.69275400435914,
            81.69275400435914,
            81.69275400435914,
            81.70862630205164,
            81.70862630205164,
            81.95496629290534,
            81.95496629290534,
            82.91909840815595,
            82.91909840815595,
            82.91909840815595,
            82.91909840815595,
            82.91909840815595,
            82.91909840815595,
            82.91909840815595,
            83.18399034498069,
            83.29942367217093,
            83.57469277375901,
            83.57469277375901,
            83.65992138781544,
            84.58282762637626,
            84.95214233103388,
            84.95214233103388,
            85.08944915713494,
            85.08944915713494,
            85.08944915713494,
            85.08944915713494,
            85.08944915713494,
            85.08944915713494,
            85.08944915713494,
            85.25394836124661,
            85.60215832359336,
            85.60215832359336,
            85.67346252742011,
            87.6811384054291,
            87.6811384054291,
            88.82937151676241,
            91.88394246809231,
            91.88394246809231,
            91.88394246809231
        ],
        "novelty_20": -3.65,
        "novelty_10": -3.7777777777777777,
        "novelty": -3.9166666666666665
    }
}