{
    "run0": {
        "time": 239.63820672035217,
        "fitness": [
            -4.561312594265004,
            -4.8464568904251,
            -4.9016505627565055,
            -5.036164916617508,
            -5.288207408946564,
            -5.288207408946564,
            -7.370856847972021,
            -7.370856847972021,
            -7.370856847972021,
            -7.370856847972021,
            -7.370856847972021,
            -7.370856847972021,
            -7.370856847972021,
            -7.370856847972021,
            -7.370856847972021,
            -7.370856847972021,
            -7.370856847972021,
            -7.370856847972021,
            -7.370856847972021,
            -7.370856847972021,
            -7.370856847972021,
            -7.370856847972021,
            -7.370856847972021,
            -7.370856847972021,
            -7.370856847972021,
            -7.370856847972021,
            -7.370856847972021,
            -7.370856847972021,
            -7.370856847972021,
            -7.370856847972021,
            -7.562033020881102,
            -7.562033020881102,
            -7.562033020881102,
            -7.562033020881102,
            -7.917933483482404,
            -7.917933483482404,
            -7.917933483482404,
            -7.917933483482404,
            -7.917933483482404,
            -7.917933483482404,
            -8.719266476960772,
            -8.719266476960772,
            -9.852841143761514,
            -10.398986048984243,
            -11.914251043125283,
            -11.914251043125283,
            -11.914251043125283,
            -11.914251043125283,
            -11.914251043125283,
            -11.914251043125283,
            -11.914251043125283,
            -11.914251043125283,
            -11.914251043125283,
            -11.914251043125283,
            -11.914251043125283,
            -11.914251043125283,
            -11.914251043125283,
            -11.914251043125283,
            -11.914251043125283,
            -11.914251043125283,
            -11.914251043125283,
            -11.914251043125283,
            -11.914251043125283,
            -11.914251043125283,
            -11.914251043125283,
            -11.914251043125283,
            -11.914251043125283,
            -11.914251043125283,
            -11.914251043125283,
            -11.914251043125283,
            -11.914251043125283,
            -11.914251043125283,
            -11.914251043125283,
            -11.914251043125283,
            -11.914251043125283,
            -11.914251043125283,
            -11.914251043125283,
            -11.914251043125283,
            -11.914251043125283,
            -11.914251043125283,
            -11.914251043125283,
            -11.914251043125283,
            -11.914251043125283,
            -11.914251043125283,
            -11.914251043125283,
            -11.914251043125283,
            -11.914251043125283,
            -11.914251043125283,
            -11.938164260156324,
            -11.938164260156324,
            -11.938164260156324,
            -11.938164260156324,
            -11.938164260156324,
            -11.938164260156324,
            -11.938164260156324,
            -11.938164260156324,
            -11.938164260156324,
            -11.938164260156324,
            -11.938164260156324,
            -11.938164260156324
        ],
        "hv": [
            0.0,
            0.0,
            2.4508252813782527,
            0.0,
            2.644103704473282,
            2.644103704473282,
            11.056285271958032,
            11.056285271958032,
            11.056285271958032,
            11.056285271958032,
            11.056285271958032,
            11.056285271958032,
            11.056285271958032,
            11.056285271958032,
            11.056285271958032,
            11.056285271958032,
            11.056285271958032,
            11.056285271958032,
            11.056285271958032,
            11.056285271958032,
            11.056285271958032,
            11.056285271958032,
            11.056285271958032,
            11.056285271958032,
            11.056285271958032,
            11.056285271958032,
            11.056285271958032,
            11.056285271958032,
            11.056285271958032,
            11.056285271958032,
            0.0,
            0.0,
            0.0,
            0.0,
            0.0,
            0.0,
            0.0,
            0.0,
            0.0,
            0.0,
            0.0,
            0.0,
            0.0,
            0.0,
            0.0,
            0.0,
            0.0,
            0.0,
            0.0,
            0.0,
            0.0,
            0.0,
            0.0,
            0.0,
            0.0,
            0.0,
            0.0,
            0.0,
            0.0,
            0.0,
            0.0,
            4.147908328755547,
            4.147908328755547,
            4.147908328755547,
            4.147908328755547,
            4.147908328755547,
            4.147908328755547,
            4.147908328755547,
            4.643960706205445,
            4.643960706205445,
            4.643960706205445,
            4.643960706205445,
            4.643960706205445,
            4.643960706205445,
            4.643960706205445,
            4.643960706205445,
            4.643960706205445,
            4.643960706205445,
            4.643960706205445,
            4.643960706205445,
            4.643960706205445,
            4.643960706205445,
            4.643960706205445,
            4.643960706205445,
            4.643960706205445,
            4.643960706205445,
            4.643960706205445,
            4.643960706205445,
            4.643960706205445,
            4.643960706205445,
            4.643960706205445,
            4.643960706205445,
            4.643960706205445,
            4.643960706205445,
            4.643960706205445,
            12.787539792352185,
            13.688356395397825,
            13.688356395397825,
            13.688356395397825,
            13.688356395397825
        ],
        "novelty_20": -5.331578947368421,
        "novelty_10": -5.5777777777777775,
        "novelty": -5.0
    },
    "run1": {
        "time": 336.0203113555908,